Year,Date,Event Name,Finish,Start,Driver,Car Number,Series,Track,Sponsor,Sponsor,Promotion,Team,Car,Laps Completed,Status,Laps Led,Laps,Race Summary
1949,6/19/1949,1949-01,1,12,Jim Roper,34,NASCAR Strictly Stock,Charlotte Speedway,Mecklenburg Motors,,,R.B. McIntosh,Lincoln,197,running,47,197,"1949-01
1949,6/19/1949,1949-01,1,12,Jim Roper,34,NASCAR Strictly Stock,Charlotte Speedway,Mecklenburg Motors,,,R.B. McIntosh,Lincoln,197,running,47,197,"1949-01
Sunday, June 19, 1949 at Charlotte Speedway, Charlotte, NC
1949,6/19/1949,1949-01,2,5,Fonty Flock,47,NASCAR Strictly Stock,Charlotte Speedway,Grady Cole,,,Grady Cole / Bruce Griffin,Hudson,–,running,0,197,"1949-01
Sunday, June 19, 1949 at Charlotte Speedway, Charlotte, NC
1949,6/19/1949,1949-01,3,3,Red Byron,22,NASCAR Strictly Stock,Charlotte Speedway,Parks Novelty,,,Raymond Parks,Oldsmobile,–,running,0,197,"1949-01
Sunday, June 19, 1949 at Charlotte Speedway, Charlotte, NC
1949,6/19/1949,1949-01,4,14,Sam Rice,2,NASCAR Strictly Stock,Charlotte Speedway,Rice Racing,,,Sam Rice,Oldsmobile,–,running,0,197,"1949-01
Sunday, June 19, 1949 at Charlotte Speedway, Charlotte, NC
1949,6/19/1949,1949-01,5,2,Tim Flock,90,NASCAR Strictly Stock,Charlotte Speedway,Buddy Elliott,,,Buddy Elliott,Oldsmobile,–,running,0,197,"1949-01
Sunday, June 19, 1949 at Charlotte Speedway, Charlotte, NC
1949,6/19/1949,1949-01,6,–,Archie Smith,37,NASCAR Strictly Stock,Charlotte Speedway,Frank Smith,,,Frank Smith,Ford,–,–,0,197,"1949-01
Sunday, June 19, 1949 at Charlotte Speedway, Charlotte, NC
1949,6/19/1949,1949-01,7,–,Sterling Long,31,NASCAR Strictly Stock,Charlotte Speedway,Long Racing,,,Sterling Long,Hudson,–,–,0,197,"1949-01
Sunday, June 19, 1949 at Charlotte Speedway, Charlotte, NC
1949,6/19/1949,1949-01,8,–,Slick Smith,28,NASCAR Strictly Stock,Charlotte Speedway,Slick Smith,,,Slick Smith,Oldsmobile,–,–,0,197,"1949-01
Sunday, June 19, 1949 at Charlotte Speedway, Charlotte, NC
1949,6/19/1949,1949-01,9,6,Curtis Turner,41,NASCAR Strictly Stock,Charlotte Speedway,Curtis Turner,,,Curtis Turner,Buick,–,–,0,197,"1949-01
Sunday, June 19, 1949 at Charlotte Speedway, Charlotte, NC
1949,6/19/1949,1949-01,10,–,Jimmy Thompson,36,NASCAR Strictly Stock,Charlotte Speedway,Bruce Thompson,,,Bruce Thompson,Chrysler,–,–,0,197,"1949-01
Sunday, June 19, 1949 at Charlotte Speedway, Charlotte, NC
1949,6/19/1949,1949-01,11,–,Buck Baker,87,NASCAR Strictly Stock,Charlotte Speedway,Penny Mullis,,,Penny Mullis,Kaiser,–,–,0,197,"1949-01
Sunday, June 19, 1949 at Charlotte Speedway, Charlotte, NC
1949,6/19/1949,1949-01,12,8,Bill Blair,44,NASCAR Strictly Stock,Charlotte Speedway,R.B. McIntosh,,,R.B. McIntosh,Lincoln,150,overheating,145,197,"1949-01
Sunday, June 19, 1949 at Charlotte Speedway, Charlotte, NC
1949,6/19/1949,1949-01,13,–,Jack Smith,52,NASCAR Strictly Stock,Charlotte Speedway,Bishop Brothers,,,Bishop Brothers,Ford,–,overheating,0,197,"1949-01
Sunday, June 19, 1949 at Charlotte Speedway, Charlotte, NC
1949,6/19/1949,1949-01,14,13,Sara Christian,71,NASCAR Strictly Stock,Charlotte Speedway,Frank Christian,,,Frank Christian,Ford,–,overheating,0,197,"1949-01
Sunday, June 19, 1949 at Charlotte Speedway, Charlotte, NC
1949,6/19/1949,1949-01,15,–,John Barker,,NASCAR Strictly Stock,Charlotte Speedway,,,,,Kaiser,–,–,0,197,"1949-01
Sunday, June 19, 1949 at Charlotte Speedway, Charlotte, NC
1949,6/19/1949,1949-01,16,–,Jimmie Lewallen,0,NASCAR Strictly Stock,Charlotte Speedway,Jimmie Lewallen,,,Jimmie Lewallen,Ford,–,–,0,197,"1949-01
Sunday, June 19, 1949 at Charlotte Speedway, Charlotte, NC
1949,6/19/1949,1949-01,17,9,Lee Petty,38,NASCAR Strictly Stock,Charlotte Speedway,Gilmer Goode,,,Gilmer Goode,Buick,105,crash,0,197,"1949-01
Sunday, June 19, 1949 at Charlotte Speedway, Charlotte, NC
1949,6/19/1949,1949-01,18,–,Skimp Hersey,11,NASCAR Strictly Stock,Charlotte Speedway,Skimp Hersey,,,Skimp Hersey,Ford,–,–,0,197,"1949-01
Sunday, June 19, 1949 at Charlotte Speedway, Charlotte, NC
1949,6/19/1949,1949-01,19,–,Bob Smith,25,NASCAR Strictly Stock,Charlotte Speedway,Lane,,,Lane's Motor Co.,Oldsmobile,–,–,0,197,"1949-01
Sunday, June 19, 1949 at Charlotte Speedway, Charlotte, NC
1949,6/19/1949,1949-01,20,4,Otis Martin,19,NASCAR Strictly Stock,Charlotte Speedway,Pee Wee Martin,,,Pee Wee Martin,Ford,–,overheating,0,197,"1949-01
Sunday, June 19, 1949 at Charlotte Speedway, Charlotte, NC
1949,6/19/1949,1949-01,21,–,Frank Smith,37,NASCAR Strictly Stock,Charlotte Speedway,Smith Racing,,,Frank Smith,Chrysler,–,–,0,197,"1949-01
Sunday, June 19, 1949 at Charlotte Speedway, Charlotte, NC
1949,6/19/1949,1949-01,22,–,Bill Snowden,16,NASCAR Strictly Stock,Charlotte Speedway,Snowden Racing,,,Bill Snowden,Mercury,–,overheating,0,197,"1949-01
Sunday, June 19, 1949 at Charlotte Speedway, Charlotte, NC
1949,6/19/1949,1949-01,23,–,Jim Paschal,60,NASCAR Strictly Stock,Charlotte Speedway,Jim Paschal,,,Jim Paschal,Ford,–,overheating,0,197,"1949-01
Sunday, June 19, 1949 at Charlotte Speedway, Charlotte, NC
1949,6/19/1949,1949-01,24,–,B.E. Renfro,1,NASCAR Strictly Stock,Charlotte Speedway,B.E. Renfro,,,B.E. Renfro,Hudson,–,–,0,197,"1949-01
Sunday, June 19, 1949 at Charlotte Speedway, Charlotte, NC
1949,6/19/1949,1949-01,25,–,Fred Johnson,10,NASCAR Strictly Stock,Charlotte Speedway,Fred Johnson,,,Fred Johnson,Ford,–,–,0,197,"1949-01
Sunday, June 19, 1949 at Charlotte Speedway, Charlotte, NC
1949,6/19/1949,1949-01,26,–,George Mantooth,88,NASCAR Strictly Stock,Charlotte Speedway,George Mantooth,,,George Mantooth,Ford,–,–,0,197,"1949-01
Sunday, June 19, 1949 at Charlotte Speedway, Charlotte, NC
1949,6/19/1949,1949-01,27,–,Felix Wilkes,5,NASCAR Strictly Stock,Charlotte Speedway,Felix Wilkes,,,Felix Wilkes,Lincoln,–,overheating,0,197,"1949-01
Sunday, June 19, 1949 at Charlotte Speedway, Charlotte, NC
1949,6/19/1949,1949-01,28,10,Pee Wee Martin,9,NASCAR Strictly Stock,Charlotte Speedway,Pee Wee Martin,,,Pee Wee Martin,Oldsmobile,–,–,0,197,"1949-01
Sunday, June 19, 1949 at Charlotte Speedway, Charlotte, NC
1949,6/19/1949,1949-01,29,–,Herb Thomas,93,NASCAR Strictly Stock,Charlotte Speedway,Thomas Racing,,,Herb Thomas,Ford,–,springs,0,197,"1949-01
Sunday, June 19, 1949 at Charlotte Speedway, Charlotte, NC
1949,6/19/1949,1949-01,30,–,Frank Mundy,4,NASCAR Strictly Stock,Charlotte Speedway,Sam Rice,,,Sam Rice,Cadillac,–,rf spindle,0,197,"1949-01
Sunday, June 19, 1949 at Charlotte Speedway, Charlotte, NC
1949,6/19/1949,1949-01,31,–,Clarence Benton,29,NASCAR Strictly Stock,Charlotte Speedway,Clarence Benton,,,Clarence Benton,Ford,–,–,0,197,"1949-01
Sunday, June 19, 1949 at Charlotte Speedway, Charlotte, NC
1949,6/19/1949,1949-01,32,1,Bob Flock,7,NASCAR Strictly Stock,Charlotte Speedway,Davis Brothers,,,Davis Brothers,Hudson,38,engine,5,197,"1949-01
Sunday, June 19, 1949 at Charlotte Speedway, Charlotte, NC
1949,6/19/1949,1949-01,33,7,Glenn Dunaway,25,NASCAR Strictly Stock,Charlotte Speedway,Hubert Westmoreland,,,Hubert Westmoreland,Ford,200,disqualified,0,197,"1949-01
Sunday, June 19, 1949 at Charlotte Speedway, Charlotte, NC
1949,7/10/1949,1949-02,1,2,Red Byron,22,NASCAR Strictly Stock,Beach & Road Course,Parks Novelty,,,Raymond Parks,Oldsmobile,40,running,6,40,"1949-02
Sunday, July 10, 1949 at Beach & Road Course, Daytona Beach, FL
1949,7/10/1949,1949-02,2,–,Tim Flock,90,NASCAR Strictly Stock,Beach & Road Course,Buddy Elliott,,,Buddy Elliott,Oldsmobile,40,running,0,40,"1949-02
Sunday, July 10, 1949 at Beach & Road Course, Daytona Beach, FL
1949,7/10/1949,1949-02,3,–,Frank Mundy,5,NASCAR Strictly Stock,Beach & Road Course,Sam Rice,,,Sam Rice,Oldsmobile,40,running,0,40,"1949-02
Sunday, July 10, 1949 at Beach & Road Course, Daytona Beach, FL
1949,7/10/1949,1949-02,4,4,Joe Littlejohn,7,NASCAR Strictly Stock,Beach & Road Course,Frank Christian,,,Frank Christian,Oldsmobile,40,running,0,40,"1949-02
Sunday, July 10, 1949 at Beach & Road Course, Daytona Beach, FL
1949,7/10/1949,1949-02,5,5,Bill Blair,44,NASCAR Strictly Stock,Beach & Road Course,Cox Motor Co.,,,R.B. McIntosh,Lincoln,40,running,0,40,"1949-02
Sunday, July 10, 1949 at Beach & Road Course, Daytona Beach, FL
1949,7/10/1949,1949-02,6,–,Frank Christian,37,NASCAR Strictly Stock,Beach & Road Course,Frank Christian,,,Frank Christian,Oldsmobile,–,running,0,40,"1949-02
Sunday, July 10, 1949 at Beach & Road Course, Daytona Beach, FL
1949,7/10/1949,1949-02,7,–,Bill Snowden,16,NASCAR Strictly Stock,Beach & Road Course,Bill Snowden,,,Bill Snowden,Mercury,–,running,0,40,"1949-02
Sunday, July 10, 1949 at Beach & Road Course, Daytona Beach, FL
1949,7/10/1949,1949-02,8,1,Gober Sosebee,50,NASCAR Strictly Stock,Beach & Road Course,Leon Chester,,,Leon Chester,Oldsmobile,–,running,34,40,"1949-02
Sunday, July 10, 1949 at Beach & Road Course, Daytona Beach, FL
1949,7/10/1949,1949-02,9,–,Jimmy Thompson,36,NASCAR Strictly Stock,Beach & Road Course,Bruce Thompson,,,Bruce Thompson,Chrysler,–,running,0,40,"1949-02
Sunday, July 10, 1949 at Beach & Road Course, Daytona Beach, FL
1949,7/10/1949,1949-02,10,–,Jack Etheridge,15,NASCAR Strictly Stock,Beach & Road Course,Jack Etheridge,,,Jack Etheridge,Mercury,–,running,0,40,"1949-02
Sunday, July 10, 1949 at Beach & Road Course, Daytona Beach, FL
1949,7/10/1949,1949-02,11,–,Ethel Mobley,91,NASCAR Strictly Stock,Beach & Road Course,Charles Mobley,,,Charles Mobley,Cadillac,–,running,0,40,"1949-02
Sunday, July 10, 1949 at Beach & Road Course, Daytona Beach, FL
1949,7/10/1949,1949-02,12,–,Herb Thomas,9,NASCAR Strictly Stock,Beach & Road Course,Herb Thomas,,,Herb Thomas,Ford,–,–,0,40,"1949-02
Sunday, July 10, 1949 at Beach & Road Course, Daytona Beach, FL
1949,7/10/1949,1949-02,13,–,Slick Smith,29,NASCAR Strictly Stock,Beach & Road Course,Buddy Helms,,,Buddy Helms,Buick,–,–,0,40,"1949-02
Sunday, July 10, 1949 at Beach & Road Course, Daytona Beach, FL
1949,7/10/1949,1949-02,14,6,Marshall Teague,6,NASCAR Strictly Stock,Beach & Road Course,Bill Appleton,,,Bill Appleton,Hudson,–,–,0,40,"1949-02
Sunday, July 10, 1949 at Beach & Road Course, Daytona Beach, FL
1949,7/10/1949,1949-02,15,3,Billy Carden,8,NASCAR Strictly Stock,Beach & Road Course,David Chester,,,David Chester,Ford,–,–,0,40,"1949-02
Sunday, July 10, 1949 at Beach & Road Course, Daytona Beach, FL
1949,7/10/1949,1949-02,16,–,Howard Elder,30,NASCAR Strictly Stock,Beach & Road Course,Harold Elder,,,Harold Elder,Ford,–,–,0,40,"1949-02
Sunday, July 10, 1949 at Beach & Road Course, Daytona Beach, FL
1949,7/10/1949,1949-02,17,–,Woodie Wilson,12,NASCAR Strictly Stock,Beach & Road Course,Woodie Wilson,,,Woodie Wilson,Mercury,–,–,0,40,"1949-02
Sunday, July 10, 1949 at Beach & Road Course, Daytona Beach, FL
1949,7/10/1949,1949-02,18,–,Sara Christian,17,NASCAR Strictly Stock,Beach & Road Course,Ruby Flock,,,Ruby Flock,Ford,–,–,0,40,"1949-02
Sunday, July 10, 1949 at Beach & Road Course, Daytona Beach, FL
1949,7/10/1949,1949-02,19,–,Fonty Flock,47,NASCAR Strictly Stock,Beach & Road Course,Gene Horne,,,Gene Horne,Hudson,–,–,0,40,"1949-02
Sunday, July 10, 1949 at Beach & Road Course, Daytona Beach, FL
1949,7/10/1949,1949-02,20,–,Louise Smith,94,NASCAR Strictly Stock,Beach & Road Course,Louise Smith,,,Louise Smith,Ford,25,running,0,40,"1949-02
Sunday, July 10, 1949 at Beach & Road Course, Daytona Beach, FL
1949,7/10/1949,1949-02,21,–,Buckshot Morris,71,NASCAR Strictly Stock,Beach & Road Course,Frank Christian,,,Frank Christian,Ford,–,crash,0,40,"1949-02
Sunday, July 10, 1949 at Beach & Road Course, Daytona Beach, FL
1949,7/10/1949,1949-02,22,–,Bob Flock,14,NASCAR Strictly Stock,Beach & Road Course,Parks Novelty,,,Raymond Parks,Ford,–,shocks,0,40,"1949-02
Sunday, July 10, 1949 at Beach & Road Course, Daytona Beach, FL
1949,7/10/1949,1949-02,23,–,Buck Baker,87,NASCAR Strictly Stock,Beach & Road Course,Buzzy Boehmen,,,Buzzy Boehmen,Kaiser,–,–,0,40,"1949-02
Sunday, July 10, 1949 at Beach & Road Course, Daytona Beach, FL
1949,7/10/1949,1949-02,24,–,Sam Marshall,34,NASCAR Strictly Stock,Beach & Road Course,Jax Hudson,,,Sam Marshall,Hudson,–,–,0,40,"1949-02
Sunday, July 10, 1949 at Beach & Road Course, Daytona Beach, FL
1949,7/10/1949,1949-02,25,–,Curtis Turner,41,NASCAR Strictly Stock,Beach & Road Course,Curtis Turner,,,Curtis Turner,Buick,–,–,0,40,"1949-02
Sunday, July 10, 1949 at Beach & Road Course, Daytona Beach, FL
1949,7/10/1949,1949-02,26,–,Fred Johnson,10,NASCAR Strictly Stock,Beach & Road Course,Fred Johnson,,,Fred Johnson,Ford,–,–,0,40,"1949-02
Sunday, July 10, 1949 at Beach & Road Course, Daytona Beach, FL
1949,7/10/1949,1949-02,27,–,Benny Georgeson,64,NASCAR Strictly Stock,Beach & Road Course,Benny Georgeson,,,Benny Georgeson,Buick,–,–,0,40,"1949-02
Sunday, July 10, 1949 at Beach & Road Course, Daytona Beach, FL
1949,7/10/1949,1949-02,28,–,Glenn Dunaway,35,NASCAR Strictly Stock,Beach & Road Course,Glenn Dunaway,,,Glenn Dunaway,Lincoln,–,–,0,40,"1949-02
Sunday, July 10, 1949 at Beach & Road Course, Daytona Beach, FL
1949,8/7/1949,1949-03,1,1,Bob Flock,7,NASCAR Strictly Stock,Occoneechee Speedway,Bob Flock Garage,,,Frank Christian,Oldsmobile,200,running,200,200,"1949-03
Sunday, August 7, 1949 at Occoneechee Speedway, Hillsborough, NC
1949,8/7/1949,1949-03,2,–,Gober Sosebee,50,NASCAR Strictly Stock,Occoneechee Speedway,Cherokee Garage,,,Leon Chester,Oldsmobile,–,running,0,200,"1949-03
Sunday, August 7, 1949 at Occoneechee Speedway, Hillsborough, NC
1949,8/7/1949,1949-03,3,–,Glenn Dunaway,55,NASCAR Strictly Stock,Occoneechee Speedway,Glenn Dunaway,,,Glenn Dunaway,Oldsmobile,–,running,0,200,"1949-03
Sunday, August 7, 1949 at Occoneechee Speedway, Hillsborough, NC
1949,8/7/1949,1949-03,4,–,Fonty Flock,47,NASCAR Strictly Stock,Occoneechee Speedway,Ed Lawrence,,,Ed Lawrence,Buick,–,running,0,200,"1949-03
Sunday, August 7, 1949 at Occoneechee Speedway, Hillsborough, NC
1949,8/7/1949,1949-03,5,–,Bill Snowden,3,NASCAR Strictly Stock,Occoneechee Speedway,Al Wagoner,,,Al Wagoner,Chevrolet,–,running,0,200,"1949-03
Sunday, August 7, 1949 at Occoneechee Speedway, Hillsborough, NC
1949,8/7/1949,1949-03,6,–,Bill Blair,44,NASCAR Strictly Stock,Occoneechee Speedway,R.B. McIntosh,,,R.B. McIntosh,Oldsmobile,–,–,0,200,"1949-03
Sunday, August 7, 1949 at Occoneechee Speedway, Hillsborough, NC
1949,8/7/1949,1949-03,7,–,Tim Flock,90,NASCAR Strictly Stock,Occoneechee Speedway,Buddy Elliott,,,Buddy Elliott,Oldsmobile,190,spindle,0,200,"1949-03
Sunday, August 7, 1949 at Occoneechee Speedway, Hillsborough, NC
1949,8/7/1949,1949-03,8,–,Otis Martin,19,NASCAR Strictly Stock,Occoneechee Speedway,Pee Wee Martin,,,Pee Wee Martin,Ford,–,–,0,200,"1949-03
Sunday, August 7, 1949 at Occoneechee Speedway, Hillsborough, NC
1949,8/7/1949,1949-03,9,–,Lee Petty,42,NASCAR Strictly Stock,Occoneechee Speedway,Petty Enterprises,,,Petty Enterprises,Plymouth,–,–,0,200,"1949-03
Sunday, August 7, 1949 at Occoneechee Speedway, Hillsborough, NC
1949,8/7/1949,1949-03,10,–,Buddy Helms,28,NASCAR Strictly Stock,Occoneechee Speedway,Buddy Helms,,,Buddy Helms,Hudson,–,–,0,200,"1949-03
Sunday, August 7, 1949 at Occoneechee Speedway, Hillsborough, NC
1949,8/7/1949,1949-03,11,–,Bobby Green,21,NASCAR Strictly Stock,Occoneechee Speedway,Bobby Greene,,,Bobby Greene,Ford,–,–,0,200,"1949-03
Sunday, August 7, 1949 at Occoneechee Speedway, Hillsborough, NC
1949,8/7/1949,1949-03,12,–,J.D. Edwards,8,NASCAR Strictly Stock,Occoneechee Speedway,,,,,Hudson,–,–,0,200,"1949-03
Sunday, August 7, 1949 at Occoneechee Speedway, Hillsborough, NC
1949,8/7/1949,1949-03,13,–,Bob Apperson,11,NASCAR Strictly Stock,Occoneechee Speedway,Bob Apperson,,,Bob Apperson,Ford,–,–,0,200,"1949-03
Sunday, August 7, 1949 at Occoneechee Speedway, Hillsborough, NC
1949,8/7/1949,1949-03,14,–,Frank Smith,37,NASCAR Strictly Stock,Occoneechee Speedway,Frank Smith,,,Frank Smith,Chrysler,–,–,0,200,"1949-03
Sunday, August 7, 1949 at Occoneechee Speedway, Hillsborough, NC
1949,8/7/1949,1949-03,15,–,Jim Roper,34,NASCAR Strictly Stock,Occoneechee Speedway,Millard Clothier,,,Millard Clothier,Lincoln,–,–,0,200,"1949-03
Sunday, August 7, 1949 at Occoneechee Speedway, Hillsborough, NC
1949,8/7/1949,1949-03,16,–,Bill Harrison,6,NASCAR Strictly Stock,Occoneechee Speedway,R.B. McIntosh,,,R.B. McIntosh,Lincoln,–,–,0,200,"1949-03
Sunday, August 7, 1949 at Occoneechee Speedway, Hillsborough, NC
1949,8/7/1949,1949-03,17,–,B.E. Renfro,1,NASCAR Strictly Stock,Occoneechee Speedway,B.E. Renfro,,,B.E. Renfro,Hudson,–,–,0,200,"1949-03
Sunday, August 7, 1949 at Occoneechee Speedway, Hillsborough, NC
1949,8/7/1949,1949-03,18,–,Garland Smith,12,NASCAR Strictly Stock,Occoneechee Speedway,,,,,Ford,–,–,0,200,"1949-03
Sunday, August 7, 1949 at Occoneechee Speedway, Hillsborough, NC
1949,8/7/1949,1949-03,19,–,Jim Carrusso,17,NASCAR Strictly Stock,Occoneechee Speedway,Jim Carrusso,,,Jim Carrusso,Nash,–,–,0,200,"1949-03
Sunday, August 7, 1949 at Occoneechee Speedway, Hillsborough, NC
1949,8/7/1949,1949-03,20,–,Curtis Turner,41,NASCAR Strictly Stock,Occoneechee Speedway,Curtis Turner,,,Curtis Turner,Buick,–,–,0,200,"1949-03
Sunday, August 7, 1949 at Occoneechee Speedway, Hillsborough, NC
1949,8/7/1949,1949-03,21,–,Bob Smith,25,NASCAR Strictly Stock,Occoneechee Speedway,Lane,,,Lane's Motor Co.,Oldsmobile,–,crash,0,200,"1949-03
Sunday, August 7, 1949 at Occoneechee Speedway, Hillsborough, NC
1949,8/7/1949,1949-03,22,–,Red Byron,22,NASCAR Strictly Stock,Occoneechee Speedway,Parks Novelty,,,Raymond Parks,Oldsmobile,39,crash,0,200,"1949-03
Sunday, August 7, 1949 at Occoneechee Speedway, Hillsborough, NC
1949,8/7/1949,1949-03,23,–,Sara Christian,71,NASCAR Strictly Stock,Occoneechee Speedway,Frank Christian,,,Frank Christian,Ford,38,crash,0,200,"1949-03
Sunday, August 7, 1949 at Occoneechee Speedway, Hillsborough, NC
1949,8/7/1949,1949-03,24,–,Felix Wilkes,5,NASCAR Strictly Stock,Occoneechee Speedway,Felix Wilkes,,,Felix Wilkes,Lincoln,38,crash,0,200,"1949-03
Sunday, August 7, 1949 at Occoneechee Speedway, Hillsborough, NC
1949,8/7/1949,1949-03,25,–,Jimmie Lewallen,2,NASCAR Strictly Stock,Occoneechee Speedway,Sam Rice,,,Sam Rice,Lincoln,–,–,0,200,"1949-03
Sunday, August 7, 1949 at Occoneechee Speedway, Hillsborough, NC
1949,8/7/1949,1949-03,26,–,Herb Thomas,92,NASCAR Strictly Stock,Occoneechee Speedway,Herb Thomas,,,Herb Thomas,Ford,–,–,0,200,"1949-03
Sunday, August 7, 1949 at Occoneechee Speedway, Hillsborough, NC
1949,8/7/1949,1949-03,27,–,Louise Smith,94,NASCAR Strictly Stock,Occoneechee Speedway,Smith Auto Parts,,,Louise Smith,Ford,–,–,0,200,"1949-03
Sunday, August 7, 1949 at Occoneechee Speedway, Hillsborough, NC
1949,8/7/1949,1949-03,28,–,Sterling Long,31,NASCAR Strictly Stock,Occoneechee Speedway,Sterling Long,,,Sterling Long,Hudson,–,–,0,200,"1949-03
Sunday, August 7, 1949 at Occoneechee Speedway, Hillsborough, NC
1949,9/11/1949,1949-04,1,11,Curtis Turner,41,NASCAR Strictly Stock,Langhorne Speedway,Hubert Westmoreland,,,Hubert Westmoreland,Oldsmobile,200,running,60,200,"1949-04
Sunday, September 11, 1949 at Langhorne Speedway, Langhorne, PA
1949,9/11/1949,1949-04,2,6,Bob Flock,7,NASCAR Strictly Stock,Langhorne Speedway,Bob Flock Garage,,,Frank Christian,Oldsmobile,200,running,52,200,"1949-04
Sunday, September 11, 1949 at Langhorne Speedway, Langhorne, PA
1949,9/11/1949,1949-04,3,1,Red Byron,22,NASCAR Strictly Stock,Langhorne Speedway,Parks Novelty,,,Raymond Parks,Oldsmobile,199,running,15,200,"1949-04
Sunday, September 11, 1949 at Langhorne Speedway, Langhorne, PA
1949,9/11/1949,1949-04,4,33,Frank Mundy,44,NASCAR Strictly Stock,Langhorne Speedway,Sam Rice,,,Sam Rice,Cadillac,196,running,0,200,"1949-04
Sunday, September 11, 1949 at Langhorne Speedway, Langhorne, PA
1949,9/11/1949,1949-04,5,4,Bill Blair,46,NASCAR Strictly Stock,Langhorne Speedway,Sam Rice,,,Sam Rice,Cadillac,196,running,0,200,"1949-04
Sunday, September 11, 1949 at Langhorne Speedway, Langhorne, PA
1949,9/11/1949,1949-04,6,21,Sara Christian,71,NASCAR Strictly Stock,Langhorne Speedway,Frank Christian,,,Frank Christian,Oldsmobile,190,running,0,200,"1949-04
Sunday, September 11, 1949 at Langhorne Speedway, Langhorne, PA
1949,9/11/1949,1949-04,7,25,Lee Petty,42,NASCAR Strictly Stock,Langhorne Speedway,Petty Enterprises,,,Petty Enterprises,Plymouth,188,running,0,200,"1949-04
Sunday, September 11, 1949 at Langhorne Speedway, Langhorne, PA
1949,9/11/1949,1949-04,8,22,Al Keller,89,NASCAR Strictly Stock,Langhorne Speedway,W.O. Taylor,,,W.O. Taylor,Ford,185,running,0,200,"1949-04
Sunday, September 11, 1949 at Langhorne Speedway, Langhorne, PA
1949,9/11/1949,1949-04,9,17,Al Bonnell,6,NASCAR Strictly Stock,Langhorne Speedway,Don Rogala,,,Don Rogala,Oldsmobile,183,running,0,200,"1949-04
Sunday, September 11, 1949 at Langhorne Speedway, Langhorne, PA
1949,9/11/1949,1949-04,10,34,Lou Volk,52,NASCAR Strictly Stock,Langhorne Speedway,,,,,Buick,182,running,0,200,"1949-04
Sunday, September 11, 1949 at Langhorne Speedway, Langhorne, PA
1949,9/11/1949,1949-04,11,41,Bill Bennett,61,NASCAR Strictly Stock,Langhorne Speedway,Bill Bennett,,,Bill Bennett,Kaiser,181,tire,0,200,"1949-04
Sunday, September 11, 1949 at Langhorne Speedway, Langhorne, PA
1949,9/11/1949,1949-04,12,30,Budd Olsen,39,NASCAR Strictly Stock,Langhorne Speedway,Walt Frank,,,Walt Frank,Mercury,180,running,0,200,"1949-04
Sunday, September 11, 1949 at Langhorne Speedway, Langhorne, PA
1949,9/11/1949,1949-04,13,26,Dick Zimmermann,14,NASCAR Strictly Stock,Langhorne Speedway,Don Gallagher,,,Don Gallagher,Mercury,178,running,0,200,"1949-04
Sunday, September 11, 1949 at Langhorne Speedway, Langhorne, PA
1949,9/11/1949,1949-04,14,23,Bill Rexford,59,NASCAR Strictly Stock,Langhorne Speedway,Julian Buesink,,,Julian Buesink,Ford,177,running,0,200,"1949-04
Sunday, September 11, 1949 at Langhorne Speedway, Langhorne, PA
1949,9/11/1949,1949-04,15,40,Irwin Blatt,23,NASCAR Strictly Stock,Langhorne Speedway,,,,,Ford,176,running,0,200,"1949-04
Sunday, September 11, 1949 at Langhorne Speedway, Langhorne, PA
1949,9/11/1949,1949-04,16,38,Louise Smith,94,NASCAR Strictly Stock,Langhorne Speedway,Louise Smith,,,Louise Smith,Ford,175,running,0,200,"1949-04
Sunday, September 11, 1949 at Langhorne Speedway, Langhorne, PA
1949,9/11/1949,1949-04,17,44,Don Cecchini,4,NASCAR Strictly Stock,Langhorne Speedway,Don Cecchini,,,Don Cecchini,Nash,173,wheel,0,200,"1949-04
Sunday, September 11, 1949 at Langhorne Speedway, Langhorne, PA
1949,9/11/1949,1949-04,18,28,Lee Schmidt,48,NASCAR Strictly Stock,Langhorne Speedway,Lee Schmidt,,,Lee Schmidt,Buick,171,crash,0,200,"1949-04
Sunday, September 11, 1949 at Langhorne Speedway, Langhorne, PA
1949,9/11/1949,1949-04,19,2,Gober Sosebee,50,NASCAR Strictly Stock,Langhorne Speedway,Cherokee Garage,,,Leon Chester,Oldsmobile,170,running,73,200,"1949-04
Sunday, September 11, 1949 at Langhorne Speedway, Langhorne, PA
1949,9/11/1949,1949-04,20,9,Ken Marriott,25,NASCAR Strictly Stock,Langhorne Speedway,Moyer Co. Special,,,Dailey Moyer,Lincoln,169,running,0,200,"1949-04
Sunday, September 11, 1949 at Langhorne Speedway, Langhorne, PA
1949,9/11/1949,1949-04,21,12,Ed Tyson,62,NASCAR Strictly Stock,Langhorne Speedway,Hudler Motor Co.,,,Hudler Motor Co.,Ford,169,running,0,200,"1949-04
Sunday, September 11, 1949 at Langhorne Speedway, Langhorne, PA
1949,9/11/1949,1949-04,22,37,Ken Schroeder,77,NASCAR Strictly Stock,Langhorne Speedway,Ken Schroeder,,,Ken Schroeder,Buick,168,running,0,200,"1949-04
Sunday, September 11, 1949 at Langhorne Speedway, Langhorne, PA
1949,9/11/1949,1949-04,23,24,Tommy Coates,91,NASCAR Strictly Stock,Langhorne Speedway,W.O. Taylor,,,W.O. Taylor,Ford,167,running,0,200,"1949-04
Sunday, September 11, 1949 at Langhorne Speedway, Langhorne, PA
1949,9/11/1949,1949-04,24,8,Wally Campbell,8,NASCAR Strictly Stock,Langhorne Speedway,Wally Marks,,,Wally Marks,Oldsmobile,166,running,0,200,"1949-04
Sunday, September 11, 1949 at Langhorne Speedway, Langhorne, PA
1949,9/11/1949,1949-04,25,31,Harvey Hillegass,86,NASCAR Strictly Stock,Langhorne Speedway,,,,,Ford,162,running,0,200,"1949-04
Sunday, September 11, 1949 at Langhorne Speedway, Langhorne, PA
1949,9/11/1949,1949-04,26,35,Dick Linder,20,NASCAR Strictly Stock,Langhorne Speedway,LaBelle Motors,,,LaBelle Motors,Kaiser,162,running,0,200,"1949-04
Sunday, September 11, 1949 at Langhorne Speedway, Langhorne, PA
1949,9/11/1949,1949-04,27,39,Ben Cannizzaro,31,NASCAR Strictly Stock,Langhorne Speedway,,,,,Ford,159,engine,0,200,"1949-04
Sunday, September 11, 1949 at Langhorne Speedway, Langhorne, PA
1949,9/11/1949,1949-04,28,45,Len Brown,9,NASCAR Strictly Stock,Langhorne Speedway,Len Brown,,,Len Brown,Ford,158,running,0,200,"1949-04
Sunday, September 11, 1949 at Langhorne Speedway, Langhorne, PA
1949,9/11/1949,1949-04,29,19,Pat Kirkwood,13,NASCAR Strictly Stock,Langhorne Speedway,Pat Kirkwood,,,Pat Kirkwood,Oldsmobile,–,–,0,200,"1949-04
Sunday, September 11, 1949 at Langhorne Speedway, Langhorne, PA
1949,9/11/1949,1949-04,30,14,Jimmie Lewallen,2,NASCAR Strictly Stock,Langhorne Speedway,Sam Rice,,,Sam Rice,Lincoln,–,–,0,200,"1949-04
Sunday, September 11, 1949 at Langhorne Speedway, Langhorne, PA
1949,9/11/1949,1949-04,31,5,Tim Flock,90,NASCAR Strictly Stock,Langhorne Speedway,Buddy Elliott,,,Buddy Elliott,Oldsmobile,–,wheel,0,200,"1949-04
Sunday, September 11, 1949 at Langhorne Speedway, Langhorne, PA
1949,9/11/1949,1949-04,32,13,Jim Rathmann,32,NASCAR Strictly Stock,Langhorne Speedway,,,,,Oldsmobile,–,–,0,200,"1949-04
Sunday, September 11, 1949 at Langhorne Speedway, Langhorne, PA
1949,9/11/1949,1949-04,33,15,Pepper Cunningham,88,NASCAR Strictly Stock,Langhorne Speedway,Pepper Cunningham,,,Pepper Cunningham,Lincoln,134,crash,0,200,"1949-04
Sunday, September 11, 1949 at Langhorne Speedway, Langhorne, PA
1949,9/11/1949,1949-04,34,32,John Belgard,35,NASCAR Strictly Stock,Langhorne Speedway,John Belgard,,,John Belgard,Ford,–,–,0,200,"1949-04
Sunday, September 11, 1949 at Langhorne Speedway, Langhorne, PA
1949,9/11/1949,1949-04,35,10,Buckshot Morris,27,NASCAR Strictly Stock,Langhorne Speedway,Frank Christian,,,Frank Christian,Oldsmobile,–,–,0,200,"1949-04
Sunday, September 11, 1949 at Langhorne Speedway, Langhorne, PA
1949,9/11/1949,1949-04,36,7,Johnny Rogers,3,NASCAR Strictly Stock,Langhorne Speedway,Anthony Davella,,,Anthony Davella,Oldsmobile,–,–,0,200,"1949-04
Sunday, September 11, 1949 at Langhorne Speedway, Langhorne, PA
1949,9/11/1949,1949-04,37,36,Chick DiNatale,69,NASCAR Strictly Stock,Langhorne Speedway,Chick DiNatale,,,Chick DiNatale,Ford,96,crash,0,200,"1949-04
Sunday, September 11, 1949 at Langhorne Speedway, Langhorne, PA
1949,9/11/1949,1949-04,38,18,Jack O'Brien,51,NASCAR Strictly Stock,Langhorne Speedway,Rocco Janette,,,Rocco Janette,Buick,–,–,0,200,"1949-04
Sunday, September 11, 1949 at Langhorne Speedway, Langhorne, PA
1949,9/11/1949,1949-04,39,27,Tony Genove,73,NASCAR Strictly Stock,Langhorne Speedway,,,,,Hudson,–,–,0,200,"1949-04
Sunday, September 11, 1949 at Langhorne Speedway, Langhorne, PA
1949,9/11/1949,1949-04,40,43,Jim Delaney,11,NASCAR Strictly Stock,Langhorne Speedway,,,,,Ford,–,–,0,200,"1949-04
Sunday, September 11, 1949 at Langhorne Speedway, Langhorne, PA
1949,9/11/1949,1949-04,41,20,Felix Wilkes,5,NASCAR Strictly Stock,Langhorne Speedway,Felix Wilkes,,,Felix Wilkes,Lincoln,–,–,0,200,"1949-04
Sunday, September 11, 1949 at Langhorne Speedway, Langhorne, PA
1949,9/11/1949,1949-04,42,29,Jack Russell,43,NASCAR Strictly Stock,Langhorne Speedway,Ken Whitney,,,Ken Whitney,Ford,–,–,0,200,"1949-04
Sunday, September 11, 1949 at Langhorne Speedway, Langhorne, PA
1949,9/11/1949,1949-04,43,16,Walter Minx,49,NASCAR Strictly Stock,Langhorne Speedway,,,,,Buick,25,crash,0,200,"1949-04
Sunday, September 11, 1949 at Langhorne Speedway, Langhorne, PA
1949,9/11/1949,1949-04,44,42,Ethel Mobley,92,NASCAR Strictly Stock,Langhorne Speedway,Charles Mobley,,,Charles Mobley,Cadillac,–,–,0,200,"1949-04
Sunday, September 11, 1949 at Langhorne Speedway, Langhorne, PA
1949,9/11/1949,1949-04,45,3,Fonty Flock,47,NASCAR Strictly Stock,Langhorne Speedway,Ed Lawrence,,,Ed Lawrence,Buick,2,engine,0,200,"1949-04
Sunday, September 11, 1949 at Langhorne Speedway, Langhorne, PA
1949,9/18/1949,1949-05,1,–,Jack White,25,NASCAR Strictly Stock,Hamburg Speedway,Moyer Co.,,,Dailey Moyer,Lincoln,200,running,66,200,"1949-05
Sunday, September 18, 1949 at Hamburg Speedway, Hamburg, NY
1949,9/18/1949,1949-05,2,–,Ray Erickson,5,NASCAR Strictly Stock,Hamburg Speedway,Ed Hastings,,,Ed Hastings,Mercury,200,running,0,200,"1949-05
Sunday, September 18, 1949 at Hamburg Speedway, Hamburg, NY
1949,9/18/1949,1949-05,3,–,Billy Rafter,,NASCAR Strictly Stock,Hamburg Speedway,,,,,Ford,–,running,0,200,"1949-05
Sunday, September 18, 1949 at Hamburg Speedway, Hamburg, NY
1949,9/18/1949,1949-05,4,–,Mike Eagan,,NASCAR Strictly Stock,Hamburg Speedway,,,,,Mercury,–,running,0,200,"1949-05
Sunday, September 18, 1949 at Hamburg Speedway, Hamburg, NY
1949,9/18/1949,1949-05,5,–,Bill Rexford,59,NASCAR Strictly Stock,Hamburg Speedway,Julian Buesink,,,Julian Buesink,Ford,–,running,0,200,"1949-05
Sunday, September 18, 1949 at Hamburg Speedway, Hamburg, NY
1949,9/18/1949,1949-05,6,–,Frankie Schneider,,NASCAR Strictly Stock,Hamburg Speedway,Frankie Schneider,,,Frankie Schneider,Ford,–,–,0,200,"1949-05
Sunday, September 18, 1949 at Hamburg Speedway, Hamburg, NY
1949,9/18/1949,1949-05,7,–,Jack Russell,43,NASCAR Strictly Stock,Hamburg Speedway,Ken Whitney,,,Ken Whitney,Ford,–,–,0,200,"1949-05
Sunday, September 18, 1949 at Hamburg Speedway, Hamburg, NY
1949,9/18/1949,1949-05,8,–,Charles Muscatell,,NASCAR Strictly Stock,Hamburg Speedway,,,,,Ford,–,–,0,200,"1949-05
Sunday, September 18, 1949 at Hamburg Speedway, Hamburg, NY
1949,9/18/1949,1949-05,9,1,Glenn Dunaway,55,NASCAR Strictly Stock,Hamburg Speedway,Glenn Dunaway,,,Glenn Dunaway,Oldsmobile,134,wheel,134,200,"1949-05
Sunday, September 18, 1949 at Hamburg Speedway, Hamburg, NY
1949,9/18/1949,1949-05,10,–,Ellis Pearce,,NASCAR Strictly Stock,Hamburg Speedway,,,,,,–,–,0,200,"1949-05
Sunday, September 18, 1949 at Hamburg Speedway, Hamburg, NY
1949,9/18/1949,1949-05,11,–,Ted Chamberlain,93,NASCAR Strictly Stock,Hamburg Speedway,Ted Chamberlain,,,Ted Chamberlain,Plymouth,–,–,0,200,"1949-05
Sunday, September 18, 1949 at Hamburg Speedway, Hamburg, NY
1949,9/18/1949,1949-05,12,–,Sam Rider,,NASCAR Strictly Stock,Hamburg Speedway,,,,,,–,–,0,200,"1949-05
Sunday, September 18, 1949 at Hamburg Speedway, Hamburg, NY
1949,9/18/1949,1949-05,13,–,Frank Matthews,,NASCAR Strictly Stock,Hamburg Speedway,,,,,,–,–,0,200,"1949-05
Sunday, September 18, 1949 at Hamburg Speedway, Hamburg, NY
1949,9/18/1949,1949-05,14,–,Bob Cameron,,NASCAR Strictly Stock,Hamburg Speedway,,,,,,–,–,0,200,"1949-05
Sunday, September 18, 1949 at Hamburg Speedway, Hamburg, NY
1949,9/18/1949,1949-05,15,–,Bob Appleton,11,NASCAR Strictly Stock,Hamburg Speedway,Bob Appleton,,,Bob Appleton,Ford,–,–,0,200,"1949-05
Sunday, September 18, 1949 at Hamburg Speedway, Hamburg, NY
1949,9/18/1949,1949-05,16,–,Chuck Mahoney,77,NASCAR Strictly Stock,Hamburg Speedway,Brooks Motors,,,Brooks Motors,Mercury,–,–,0,200,"1949-05
Sunday, September 18, 1949 at Hamburg Speedway, Hamburg, NY
1949,9/25/1949,1949-06,1,3,Red Byron,22,NASCAR Strictly Stock,Martinsville Speedway,Parks Novelty,,,Raymond Parks,Oldsmobile,200,running,97,200,"1949-06
Sunday, September 25, 1949 at Martinsville Speedway, Martinsville, VA
1949,9/25/1949,1949-06,2,8,Lee Petty,42,NASCAR Strictly Stock,Martinsville Speedway,Petty Enterprises,,,Petty Enterprises,Plymouth,197,running,0,200,"1949-06
Sunday, September 25, 1949 at Martinsville Speedway, Martinsville, VA
1949,9/25/1949,1949-06,3,5,Ray Erickson,5,NASCAR Strictly Stock,Martinsville Speedway,Ed Hastings,,,Ed Hastings,Mercury,197,running,0,200,"1949-06
Sunday, September 25, 1949 at Martinsville Speedway, Martinsville, VA
1949,9/25/1949,1949-06,4,7,Clyde Minter,19,NASCAR Strictly Stock,Martinsville Speedway,,,,,Ford,187,running,0,200,"1949-06
Sunday, September 25, 1949 at Martinsville Speedway, Martinsville, VA
1949,9/25/1949,1949-06,5,11,Bill Blair,2,NASCAR Strictly Stock,Martinsville Speedway,Sam Rice,,,Sam Rice,Chevrolet,186,running,0,200,"1949-06
Sunday, September 25, 1949 at Martinsville Speedway, Martinsville, VA
1949,9/25/1949,1949-06,6,12,Bill Snowden,16,NASCAR Strictly Stock,Martinsville Speedway,Bill Snowden,,,Bill Snowden,Ford,182,–,0,200,"1949-06
Sunday, September 25, 1949 at Martinsville Speedway, Martinsville, VA
1949,9/25/1949,1949-06,7,6,Glenn Dunaway,55,NASCAR Strictly Stock,Martinsville Speedway,Glenn Dunaway,,,Glenn Dunaway,Oldsmobile,178,–,0,200,"1949-06
Sunday, September 25, 1949 at Martinsville Speedway, Martinsville, VA
1949,9/25/1949,1949-06,8,13,Al Wagoner,3,NASCAR Strictly Stock,Martinsville Speedway,Al Wagoner,,,Al Wagoner,Chevrolet,178,–,0,200,"1949-06
Sunday, September 25, 1949 at Martinsville Speedway, Martinsville, VA
1949,9/25/1949,1949-06,9,1,Curtis Turner,41,NASCAR Strictly Stock,Martinsville Speedway,Frank Christian,,,Frank Christian,Oldsmobile,171,–,18,200,"1949-06
Sunday, September 25, 1949 at Martinsville Speedway, Martinsville, VA
1949,9/25/1949,1949-06,10,15,Archie Smith,36,NASCAR Strictly Stock,Martinsville Speedway,Frank Smith,,,Frank Smith,Chrysler,161,–,0,200,"1949-06
Sunday, September 25, 1949 at Martinsville Speedway, Martinsville, VA
1949,9/25/1949,1949-06,11,10,Kenneth Wagner,15,NASCAR Strictly Stock,Martinsville Speedway,Moyer Co. Special,,,Dailey Moyer,Lincoln,129,–,0,200,"1949-06
Sunday, September 25, 1949 at Martinsville Speedway, Martinsville, VA
1949,9/25/1949,1949-06,12,4,Fonty Flock,47,NASCAR Strictly Stock,Martinsville Speedway,Ed Lawrence,,,Ed Lawrence,Buick,103,wheel,85,200,"1949-06
Sunday, September 25, 1949 at Martinsville Speedway, Martinsville, VA
1949,9/25/1949,1949-06,13,14,Slick Smith,28,NASCAR Strictly Stock,Martinsville Speedway,Buddy Helms,,,Buddy Helms,Hudson,103,crash,0,200,"1949-06
Sunday, September 25, 1949 at Martinsville Speedway, Martinsville, VA
1949,9/25/1949,1949-06,14,2,Bob Flock,7,NASCAR Strictly Stock,Martinsville Speedway,Bob Flock Garage,,,Frank Christian,Oldsmobile,90,–,0,200,"1949-06
Sunday, September 25, 1949 at Martinsville Speedway, Martinsville, VA
1949,9/25/1949,1949-06,15,9,Otis Martin,4,NASCAR Strictly Stock,Martinsville Speedway,Raymond Lewis,,,Raymond Lewis,Buick,16,–,0,200,"1949-06
Sunday, September 25, 1949 at Martinsville Speedway, Martinsville, VA
1949,10/2/1949,1949-07,1,–,Lee Petty,42,NASCAR Strictly Stock,Heidelberg Raceway,Petty Enterprises,,,Petty Enterprises,Plymouth,200,running,196,200,"1949-07
Sunday, October 2, 1949 at Heidelberg Raceway, Pittsburgh, PA
1949,10/2/1949,1949-07,2,–,Dick Linder,8,NASCAR Strictly Stock,Heidelberg Raceway,LaBelle Motors,,,LaBelle Motors,Kaiser,195,running,0,200,"1949-07
Sunday, October 2, 1949 at Heidelberg Raceway, Pittsburgh, PA
1949,10/2/1949,1949-07,3,–,Bill Rexford,4,NASCAR Strictly Stock,Heidelberg Raceway,Julian Buesink,,,Julian Buesink,Ford,193,running,0,200,"1949-07
Sunday, October 2, 1949 at Heidelberg Raceway, Pittsburgh, PA
1949,10/2/1949,1949-07,4,–,Sam Rice,2,NASCAR Strictly Stock,Heidelberg Raceway,Rice Racing,,,Sam Rice,Chevrolet,192,running,0,200,"1949-07
Sunday, October 2, 1949 at Heidelberg Raceway, Pittsburgh, PA
1949,10/2/1949,1949-07,5,–,Sara Christian,1,NASCAR Strictly Stock,Heidelberg Raceway,Frank Christian,,,Frank Christian,Ford,190,running,0,200,"1949-07
Sunday, October 2, 1949 at Heidelberg Raceway, Pittsburgh, PA
1949,10/2/1949,1949-07,6,–,Lloyd Moore,21,NASCAR Strictly Stock,Heidelberg Raceway,Julian Buesink,,,Julian Buesink,Ford,186,–,0,200,"1949-07
Sunday, October 2, 1949 at Heidelberg Raceway, Pittsburgh, PA
1949,10/2/1949,1949-07,7,–,John Wright,18,NASCAR Strictly Stock,Heidelberg Raceway,,,,,Ford,179,–,0,200,"1949-07
Sunday, October 2, 1949 at Heidelberg Raceway, Pittsburgh, PA
1949,10/2/1949,1949-07,8,–,Jack Russell,43,NASCAR Strictly Stock,Heidelberg Raceway,Ken Whitney,,,Ken Whitney,Ford,178,–,0,200,"1949-07
Sunday, October 2, 1949 at Heidelberg Raceway, Pittsburgh, PA
1949,10/2/1949,1949-07,9,–,Skip Lowis,23,NASCAR Strictly Stock,Heidelberg Raceway,,,,,Kaiser,168,–,0,200,"1949-07
Sunday, October 2, 1949 at Heidelberg Raceway, Pittsburgh, PA
1949,10/2/1949,1949-07,10,–,Don Rogala,20,NASCAR Strictly Stock,Heidelberg Raceway,Don Rogala,,,Don Rogala,Ford,167,–,0,200,"1949-07
Sunday, October 2, 1949 at Heidelberg Raceway, Pittsburgh, PA
1949,10/2/1949,1949-07,11,–,Clarence Burris,111,NASCAR Strictly Stock,Heidelberg Raceway,,,,,Ford,165,–,0,200,"1949-07
Sunday, October 2, 1949 at Heidelberg Raceway, Pittsburgh, PA
1949,10/2/1949,1949-07,12,–,Joe Merola,69,NASCAR Strictly Stock,Heidelberg Raceway,,,,,Ford,161,–,0,200,"1949-07
Sunday, October 2, 1949 at Heidelberg Raceway, Pittsburgh, PA
1949,10/2/1949,1949-07,13,–,Ted Chamberlain,14,NASCAR Strictly Stock,Heidelberg Raceway,Ted Chamberlain,,,Ted Chamberlain,Ford,148,–,0,200,"1949-07
Sunday, October 2, 1949 at Heidelberg Raceway, Pittsburgh, PA
1949,10/2/1949,1949-07,14,–,Nick Garin,7,NASCAR Strictly Stock,Heidelberg Raceway,,,,,Ford,142,–,0,200,"1949-07
Sunday, October 2, 1949 at Heidelberg Raceway, Pittsburgh, PA
1949,10/2/1949,1949-07,15,–,Ray Erickson,5,NASCAR Strictly Stock,Heidelberg Raceway,Ed Hastings,,,Ed Hastings,Mercury,122,–,0,200,"1949-07
Sunday, October 2, 1949 at Heidelberg Raceway, Pittsburgh, PA
1949,10/2/1949,1949-07,16,–,Kenneth Wagner,15,NASCAR Strictly Stock,Heidelberg Raceway,Moyer Co.,,,Dailey Moyer,Lincoln,118,–,0,200,"1949-07
Sunday, October 2, 1949 at Heidelberg Raceway, Pittsburgh, PA
1949,10/2/1949,1949-07,17,–,Jack O'Brien,16,NASCAR Strictly Stock,Heidelberg Raceway,Rocco Janette,,,Rocco Janette,Buick,115,–,0,200,"1949-07
Sunday, October 2, 1949 at Heidelberg Raceway, Pittsburgh, PA
1949,10/2/1949,1949-07,18,–,Glenn Dunaway,55,NASCAR Strictly Stock,Heidelberg Raceway,Glenn Dunaway,,,Glenn Dunaway,Cadillac,82,–,0,200,"1949-07
Sunday, October 2, 1949 at Heidelberg Raceway, Pittsburgh, PA
1949,10/2/1949,1949-07,19,–,Kurt Voss,11,NASCAR Strictly Stock,Heidelberg Raceway,,,,,Oldsmobile,68,–,0,200,"1949-07
Sunday, October 2, 1949 at Heidelberg Raceway, Pittsburgh, PA
1949,10/2/1949,1949-07,20,–,Jim Carrusso,17,NASCAR Strictly Stock,Heidelberg Raceway,Jim Carrusso,,,Jim Carrusso,Nash,67,–,0,200,"1949-07
Sunday, October 2, 1949 at Heidelberg Raceway, Pittsburgh, PA
1949,10/2/1949,1949-07,21,–,Ralph Zrimsek,12,NASCAR Strictly Stock,Heidelberg Raceway,,,,,Studebaker,59,–,0,200,"1949-07
Sunday, October 2, 1949 at Heidelberg Raceway, Pittsburgh, PA
1949,10/2/1949,1949-07,22,–,John Riggi,10,NASCAR Strictly Stock,Heidelberg Raceway,,,,,Oldsmobile,33,–,0,200,"1949-07
Sunday, October 2, 1949 at Heidelberg Raceway, Pittsburgh, PA
1949,10/2/1949,1949-07,23,1,Al Bonnell,19,NASCAR Strictly Stock,Heidelberg Raceway,Don Rogala,,,Don Rogala,Oldsmobile,28,engine,4,200,"1949-07
Sunday, October 2, 1949 at Heidelberg Raceway, Pittsburgh, PA
1949,10/16/1949,1949 Wilkes 200,1,–,Bob Flock,7,NASCAR Strictly Stock,North Wilkesboro Speedway,Bob Flock Garage,,,Frank Christian,Oldsmobile,200,running,20,200,"1949 Wilkes 200
Sunday, October 16, 1949 at North Wilkesboro Speedway, North Wilkesboro, NC
1949,10/16/1949,1949 Wilkes 200,2,–,Lee Petty,42,NASCAR Strictly Stock,North Wilkesboro Speedway,Petty Enterprises,,,Petty Enterprises,Plymouth,200,running,0,200,"1949 Wilkes 200
Sunday, October 16, 1949 at North Wilkesboro Speedway, North Wilkesboro, NC
1949,10/16/1949,1949 Wilkes 200,3,–,Fonty Flock,47,NASCAR Strictly Stock,North Wilkesboro Speedway,Green Leaf Cafe,,,Ed Lawrence,Buick,199,running,0,200,"1949 Wilkes 200
Sunday, October 16, 1949 at North Wilkesboro Speedway, North Wilkesboro, NC
1949,10/16/1949,1949 Wilkes 200,4,–,Clyde Minter,19,NASCAR Strictly Stock,North Wilkesboro Speedway,Clyde Minter,,,Clyde Minter,Ford,199,running,0,200,"1949 Wilkes 200
Sunday, October 16, 1949 at North Wilkesboro Speedway, North Wilkesboro, NC
1949,10/16/1949,1949 Wilkes 200,5,–,Herb Thomas,92,NASCAR Strictly Stock,North Wilkesboro Speedway,Herb Thomas,,,Herb Thomas,Ford,197,running,0,200,"1949 Wilkes 200
Sunday, October 16, 1949 at North Wilkesboro Speedway, North Wilkesboro, NC
1949,10/16/1949,1949 Wilkes 200,6,–,Roy Hall,14,NASCAR Strictly Stock,North Wilkesboro Speedway,Parks Novelty,,,Raymond Parks,Oldsmobile,196,–,0,200,"1949 Wilkes 200
Sunday, October 16, 1949 at North Wilkesboro Speedway, North Wilkesboro, NC
1949,10/16/1949,1949 Wilkes 200,7,–,Ray Erickson,5,NASCAR Strictly Stock,North Wilkesboro Speedway,Ed Hastings,,,Ed Hastings,Mercury,194,–,0,200,"1949 Wilkes 200
Sunday, October 16, 1949 at North Wilkesboro Speedway, North Wilkesboro, NC
1949,10/16/1949,1949 Wilkes 200,8,–,Raymond Lewis,9,NASCAR Strictly Stock,North Wilkesboro Speedway,Robert Dixon,,,Robert Dixon,Cadillac,194,–,0,200,"1949 Wilkes 200
Sunday, October 16, 1949 at North Wilkesboro Speedway, North Wilkesboro, NC
1949,10/16/1949,1949 Wilkes 200,9,–,Curtis Turner,41,NASCAR Strictly Stock,North Wilkesboro Speedway,Frank Christian,,,Frank Christian,Oldsmobile,193,–,0,200,"1949 Wilkes 200
Sunday, October 16, 1949 at North Wilkesboro Speedway, North Wilkesboro, NC
1949,10/16/1949,1949 Wilkes 200,10,2,Bill Blair,44,NASCAR Strictly Stock,North Wilkesboro Speedway,Sam Rice,,,Sam Rice,Cadillac,191,engine,180,200,"1949 Wilkes 200
Sunday, October 16, 1949 at North Wilkesboro Speedway, North Wilkesboro, NC
1949,10/16/1949,1949 Wilkes 200,11,–,Bob Apperson,11,NASCAR Strictly Stock,North Wilkesboro Speedway,Bob Apperson,,,Bob Apperson,Ford,191,–,0,200,"1949 Wilkes 200
Sunday, October 16, 1949 at North Wilkesboro Speedway, North Wilkesboro, NC
1949,10/16/1949,1949 Wilkes 200,12,–,Sara Christian,71,NASCAR Strictly Stock,North Wilkesboro Speedway,Frank Christian,,,Frank Christian,Oldsmobile,188,–,0,200,"1949 Wilkes 200
Sunday, October 16, 1949 at North Wilkesboro Speedway, North Wilkesboro, NC
1949,10/16/1949,1949 Wilkes 200,13,–,Slick Smith,28,NASCAR Strictly Stock,North Wilkesboro Speedway,Buddy Helms,,,Buddy Helms,Hudson,174,–,0,200,"1949 Wilkes 200
Sunday, October 16, 1949 at North Wilkesboro Speedway, North Wilkesboro, NC
1949,10/16/1949,1949 Wilkes 200,14,–,H.F. Stikeleather,20,NASCAR Strictly Stock,North Wilkesboro Speedway,,,,,Lincoln,167,–,0,200,"1949 Wilkes 200
Sunday, October 16, 1949 at North Wilkesboro Speedway, North Wilkesboro, NC
1949,10/16/1949,1949 Wilkes 200,15,1,Kenneth Wagner,15,NASCAR Strictly Stock,North Wilkesboro Speedway,Moyer Co.,,,Dailey Moyer,Lincoln,165,–,0,200,"1949 Wilkes 200
Sunday, October 16, 1949 at North Wilkesboro Speedway, North Wilkesboro, NC
1949,10/16/1949,1949 Wilkes 200,16,–,Red Byron,22,NASCAR Strictly Stock,North Wilkesboro Speedway,Parks Novelty,,,Raymond Parks,Oldsmobile,155,–,0,200,"1949 Wilkes 200
Sunday, October 16, 1949 at North Wilkesboro Speedway, North Wilkesboro, NC
1949,10/16/1949,1949 Wilkes 200,17,–,Bobby Green,21,NASCAR Strictly Stock,North Wilkesboro Speedway,Bobby Greene,,,Bobby Greene,Ford,148,–,0,200,"1949 Wilkes 200
Sunday, October 16, 1949 at North Wilkesboro Speedway, North Wilkesboro, NC
1949,10/16/1949,1949 Wilkes 200,18,–,Bill Greever,1,NASCAR Strictly Stock,North Wilkesboro Speedway,,,,,Mercury,134,–,0,200,"1949 Wilkes 200
Sunday, October 16, 1949 at North Wilkesboro Speedway, North Wilkesboro, NC
1949,10/16/1949,1949 Wilkes 200,19,–,Tim Flock,90,NASCAR Strictly Stock,North Wilkesboro Speedway,Buddy Elliott,,,Buddy Elliott,Oldsmobile,117,–,0,200,"1949 Wilkes 200
Sunday, October 16, 1949 at North Wilkesboro Speedway, North Wilkesboro, NC
1949,10/16/1949,1949 Wilkes 200,20,–,Dick Linder,8,NASCAR Strictly Stock,North Wilkesboro Speedway,LaBelle Motors,,,LaBelle Motors,Kaiser,59,–,0,200,"1949 Wilkes 200
Sunday, October 16, 1949 at North Wilkesboro Speedway, North Wilkesboro, NC
1949,10/16/1949,1949 Wilkes 200,21,–,Otis Martin,4,NASCAR Strictly Stock,North Wilkesboro Speedway,Raymond Lewis,,,Raymond Lewis,Buick,50,–,0,200,"1949 Wilkes 200
Sunday, October 16, 1949 at North Wilkesboro Speedway, North Wilkesboro, NC
1949,10/16/1949,1949 Wilkes 200,22,–,Frank Mundy,2,NASCAR Strictly Stock,North Wilkesboro Speedway,,,,,Ford,38,–,0,200,"1949 Wilkes 200
Sunday, October 16, 1949 at North Wilkesboro Speedway, North Wilkesboro, NC
